set,image_path,label,x1,y1,,,x2,y2,,
UNASSIGNED,gs://overhead-signs/SignPhotos/792_E.png,,,,,,,,,
UNASSIGNED,gs://overhead-signs/SignPhotos/4049_S.png,,,,,,,,,
UNASSIGNED,gs://overhead-signs/SignPhotos/186_S.png,,,,,,,,,
UNASSIGNED,gs://overhead-signs/SignPhotos/206_W.png,,,,,,,,,
UNASSIGNED,gs://overhead-signs/SignPhotos/637_E.png,,,,,,,,,
UNASSIGNED,gs://overhead-signs/SignPhotos/825_S.png,,,,,,,,,
UNASSIGNED,gs://overhead-signs/SignPhotos/860_S.png,,,,,,,,,
UNASSIGNED,gs://overhead-signs/SignPhotos/944_W.png,,,,,,,,,
UNASSIGNED,gs://overhead-signs/SignPhotos/107_W.png,,,,,,,,,
UNASSIGNED,gs://overhead-signs/SignPhotos/573_E.png,,,,,,,,,
UNASSIGNED,gs://overhead-signs/SignPhotos/873_N.png,,,,,,,,,
UNASSIGNED,gs://overhead-signs/SignPhotos/836_N.png,,,,,,,,,
UNASSIGNED,gs://overhead-signs/SignPhotos/776_S.png,,,,,,,,,
UNASSIGNED,gs://overhead-signs/SignPhotos/421_N.png,,,,,,,,,
UNASSIGNED,gs://overhead-signs/SignPhotos/127_E.png,,,,,,,,,
UNASSIGNED,gs://overhead-signs/SignPhotos/4074_S.png,,,,,,,,,
UNASSIGNED,gs://overhead-signs/SignPhotos/363_W.png,,,,,,,,,
UNASSIGNED,gs://overhead-signs/SignPhotos/110_N.png,,,,,,,,,
UNASSIGNED,gs://overhead-signs/SignPhotos/577_W.png,,,,,,,,,
UNASSIGNED,gs://overhead-signs/SignPhotos/1015_N.png,,,,,,,,,
UNASSIGNED,gs://overhead-signs/SignPhotos/171_N.png,,,,,,,,,
UNASSIGNED,gs://overhead-signs/SignPhotos/127_S.png,,,,,,,,,
UNASSIGNED,gs://overhead-signs/SignPhotos/964_S.png,,,,,,,,,
UNASSIGNED,gs://overhead-signs/SignPhotos/776_E.png,,,,,,,,,
UNASSIGNED,gs://overhead-signs/SignPhotos/457_W.png,,,,,,,,,
UNASSIGNED,gs://overhead-signs/SignPhotos/573_S.png,,,,,,,,,
UNASSIGNED,gs://overhead-signs/SignPhotos/825_E.png,,,,,,,,,
UNASSIGNED,gs://overhead-signs/SignPhotos/860_E.png,,,,,,,,,
UNASSIGNED,gs://overhead-signs/SignPhotos/637_S.png,,,,,,,,,
UNASSIGNED,gs://overhead-signs/SignPhotos/109_N.png,,,,,,,,,
UNASSIGNED,gs://overhead-signs/SignPhotos/838_W.png,,,,,,,,,
UNASSIGNED,gs://overhead-signs/SignPhotos/480_N.png,,,,,,,,,
UNASSIGNED,gs://overhead-signs/SignPhotos/186_E.png,,,,,,,,,
UNASSIGNED,gs://overhead-signs/SignPhotos/792_S.png,,,,,,,,,
UNASSIGNED,gs://overhead-signs/SignPhotos/365_E.png,,,,,,,,,
UNASSIGNED,gs://overhead-signs/SignPhotos/378_W.png,,,,,,,,,
UNASSIGNED,gs://overhead-signs/SignPhotos/827_E.png,,,,,,,,,
UNASSIGNED,gs://overhead-signs/SignPhotos/790_S.png,,,,,,,,,
UNASSIGNED,gs://overhead-signs/SignPhotos/164_W.png,,,,,,,,,
UNASSIGNED,gs://overhead-signs/SignPhotos/482_N.png,,,,,,,,,
UNASSIGNED,gs://overhead-signs/SignPhotos/706_N.png,,,,,,,,,
UNASSIGNED,gs://overhead-signs/SignPhotos/200_E.png,,,,,,,,,
UNASSIGNED,gs://overhead-signs/SignPhotos/4076_E.png,,,,,,,,,
UNASSIGNED,gs://overhead-signs/SignPhotos/1004_S.png,,,,,,,,,
UNASSIGNED,gs://overhead-signs/SignPhotos/575_W.png,,,,,,,,,
UNASSIGNED,gs://overhead-signs/SignPhotos/530_W.png,,,,,,,,,
UNASSIGNED,gs://overhead-signs/SignPhotos/794_W.png,,,,,,,,,
UNASSIGNED,gs://overhead-signs/SignPhotos/430_E.png,,,,,,,,,
UNASSIGNED,gs://overhead-signs/SignPhotos/789_E.png,,,,,,,,,
UNASSIGNED,gs://overhead-signs/SignPhotos/125_E.png,,,,,,,,,
UNASSIGNED,gs://overhead-signs/SignPhotos/430_S.png,,,,,,,,,
UNASSIGNED,gs://overhead-signs/SignPhotos/423_N.png,,,,,,,,,
UNASSIGNED,gs://overhead-signs/SignPhotos/1004_E.png,,,,,,,,,
UNASSIGNED,gs://overhead-signs/SignPhotos/200_S.png,,,,,,,,,
UNASSIGNED,gs://overhead-signs/SignPhotos/197_N.png,,,,,,,,,
UNASSIGNED,gs://overhead-signs/SignPhotos/790_E.png,,,,,,,,,
UNASSIGNED,gs://overhead-signs/SignPhotos/12_W.png,,,,,,,,,
UNASSIGNED,gs://overhead-signs/SignPhotos/827_S.png,,,,,,,,,
UNASSIGNED,gs://overhead-signs/SignPhotos/903_W.png,,,,,,,,,
UNASSIGNED,gs://overhead-signs/SignPhotos/365_S.png,,,,,,,,,
UNASSIGNED,gs://overhead-signs/SignPhotos/711_E.png,,,,,,,,,
UNASSIGNED,gs://overhead-signs/SignPhotos/365_W.png,,,,,,,,,
UNASSIGNED,gs://overhead-signs/SignPhotos/12_S.png,,,,,,,,,
UNASSIGNED,gs://overhead-signs/SignPhotos/116_N.png,,,,,,,,,
UNASSIGNED,gs://overhead-signs/SignPhotos/955_N.png,,,,,,,,,
UNASSIGNED,gs://overhead-signs/SignPhotos/378_E.png,,,,,,,,,
UNASSIGNED,gs://overhead-signs/SignPhotos/903_S.png,,,,,,,,,
UNASSIGNED,gs://overhead-signs/SignPhotos/827_W.png,,,,,,,,,
UNASSIGNED,gs://overhead-signs/SignPhotos/164_E.png,,,,,,,,,
UNASSIGNED,gs://overhead-signs/SignPhotos/200_W.png,,,,,,,,,
UNASSIGNED,gs://overhead-signs/SignPhotos/4076_W.png,,,,,,,,,
UNASSIGNED,gs://overhead-signs/SignPhotos/575_E.png,,,,,,,,,
UNASSIGNED,gs://overhead-signs/SignPhotos/430_W.png,,,,,,,,,
UNASSIGNED,gs://overhead-signs/SignPhotos/125_W.png,,,,,,,,,
UNASSIGNED,gs://overhead-signs/SignPhotos/851_N.png,,,,,,,,,
UNASSIGNED,gs://overhead-signs/SignPhotos/794_S.png,,,,,,,,,
UNASSIGNED,gs://overhead-signs/SignPhotos/530_S.png,,,,,,,,,
UNASSIGNED,gs://overhead-signs/SignPhotos/575_S.png,,,,,,,,,
UNASSIGNED,gs://overhead-signs/SignPhotos/164_S.png,,,,,,,,,
UNASSIGNED,gs://overhead-signs/SignPhotos/891_N.png,,,,,,,,,
UNASSIGNED,gs://overhead-signs/SignPhotos/12_E.png,,,,,,,,,
UNASSIGNED,gs://overhead-signs/SignPhotos/903_E.png,,,,,,,,,
UNASSIGNED,gs://overhead-signs/SignPhotos/747_N.png,,,,,,,,,
UNASSIGNED,gs://overhead-signs/SignPhotos/936_N.png,,,,,,,,,
UNASSIGNED,gs://overhead-signs/SignPhotos/206_E.png,,,,,,,,,
UNASSIGNED,gs://overhead-signs/SignPhotos/637_W.png,,,,,,,,,
UNASSIGNED,gs://overhead-signs/SignPhotos/838_S.png,,,,,,,,,
UNASSIGNED,gs://overhead-signs/SignPhotos/107_E.png,,,,,,,,,
UNASSIGNED,gs://overhead-signs/SignPhotos/573_W.png,,,,,,,,,
UNASSIGNED,gs://overhead-signs/SignPhotos/457_S.png,,,,,,,,,
UNASSIGNED,gs://overhead-signs/SignPhotos/354_N.png,,,,,,,,,
UNASSIGNED,gs://overhead-signs/SignPhotos/964_W.png,,,,,,,,,
UNASSIGNED,gs://overhead-signs/SignPhotos/127_W.png,,,,,,,,,
UNASSIGNED,gs://overhead-signs/SignPhotos/599_N.png,,,,,,,,,
UNASSIGNED,gs://overhead-signs/SignPhotos/363_E.png,,,,,,,,,
UNASSIGNED,gs://overhead-signs/SignPhotos/665_N.png,,,,,,,,,
UNASSIGNED,gs://overhead-signs/SignPhotos/577_S.png,,,,,,,,,
UNASSIGNED,gs://overhead-signs/SignPhotos/521_N.png,,,,,,,,,
UNASSIGNED,gs://overhead-signs/SignPhotos/577_E.png,,,,,,,,,
UNASSIGNED,gs://overhead-signs/SignPhotos/363_S.png,,,,,,,,,
UNASSIGNED,gs://overhead-signs/SignPhotos/540_N.png,,,,,,,,,
UNASSIGNED,gs://overhead-signs/SignPhotos/776_W.png,,,,,,,,,
UNASSIGNED,gs://overhead-signs/SignPhotos/457_E.png,,,,,,,,,
UNASSIGNED,gs://overhead-signs/SignPhotos/107_S.png,,,,,,,,,
UNASSIGNED,gs://overhead-signs/SignPhotos/944_S.png,,,,,,,,,
UNASSIGNED,gs://overhead-signs/SignPhotos/206_S.png,,,,,,,,,
UNASSIGNED,gs://overhead-signs/SignPhotos/215_N.png,,,,,,,,,
UNASSIGNED,gs://overhead-signs/SignPhotos/838_E.png,,,,,,,,,
UNASSIGNED,gs://overhead-signs/SignPhotos/460_N.png,,,,,,,,,
UNASSIGNED,gs://overhead-signs/SignPhotos/186_W.png,,,,,,,,,
UNASSIGNED,gs://overhead-signs/SignPhotos/730_E.png,,,,,,,,,
UNASSIGNED,gs://overhead-signs/SignPhotos/344_W.png,,,,,,,,,
UNASSIGNED,gs://overhead-signs/SignPhotos/172_N.png,,,,,,,,,
UNASSIGNED,gs://overhead-signs/SignPhotos/589_W.png,,,,,,,,,
UNASSIGNED,gs://overhead-signs/SignPhotos/630_W.png,,,,,,,,,
UNASSIGNED,gs://overhead-signs/SignPhotos/185_E.png,,,,,,,,,
UNASSIGNED,gs://overhead-signs/SignPhotos/648_W.png,,,,,,,,,
UNASSIGNED,gs://overhead-signs/SignPhotos/483_N.png,,,,,,,,,
UNASSIGNED,gs://overhead-signs/SignPhotos/710_W.png,,,,,,,,,
UNASSIGNED,gs://overhead-signs/SignPhotos/949_N.png,,,,,,,,,
UNASSIGNED,gs://overhead-signs/SignPhotos/364_E.png,,,,,,,,,
UNASSIGNED,gs://overhead-signs/SignPhotos/826_E.png,,,,,,,,,
UNASSIGNED,gs://overhead-signs/SignPhotos/13_W.png,,,,,,,,,
UNASSIGNED,gs://overhead-signs/SignPhotos/826_S.png,,,,,,,,,
UNASSIGNED,gs://overhead-signs/SignPhotos/205_W.png,,,,,,,,,
UNASSIGNED,gs://overhead-signs/SignPhotos/364_S.png,,,,,,,,,
UNASSIGNED,gs://overhead-signs/SignPhotos/185_S.png,,,,,,,,,
UNASSIGNED,gs://overhead-signs/SignPhotos/928_N.png,,,,,,,,,
UNASSIGNED,gs://overhead-signs/SignPhotos/791_E.png,,,,,,,,,
UNASSIGNED,gs://overhead-signs/SignPhotos/709_W.png,,,,,,,,,
UNASSIGNED,gs://overhead-signs/SignPhotos/360_W.png,,,,,,,,,
UNASSIGNED,gs://overhead-signs/SignPhotos/124_E.png,,,,,,,,,
UNASSIGNED,gs://overhead-signs/SignPhotos/4016_E.png,,,,,,,,,
UNASSIGNED,gs://overhead-signs/SignPhotos/730_S.png,,,,,,,,,
UNASSIGNED,gs://overhead-signs/SignPhotos/753_E.png,,,,,,,,,
UNASSIGNED,gs://overhead-signs/SignPhotos/362_W.png,,,,,,,,,
UNASSIGNED,gs://overhead-signs/SignPhotos/820_W.png,,,,,,,,,
UNASSIGNED,gs://overhead-signs/SignPhotos/111_N.png,,,,,,,,,
UNASSIGNED,gs://overhead-signs/SignPhotos/15_S.png,,,,,,,,,
UNASSIGNED,gs://overhead-signs/SignPhotos/163_E.png,,,,,,,,,
UNASSIGNED,gs://overhead-signs/SignPhotos/207_W.png,,,,,,,,,
UNASSIGNED,gs://overhead-signs/SignPhotos/366_S.png,,,,,,,,,
UNASSIGNED,gs://overhead-signs/SignPhotos/533_S 2.png,,,,,,,,,
UNASSIGNED,gs://overhead-signs/SignPhotos/824_S.png,,,,,,,,,
UNASSIGNED,gs://overhead-signs/SignPhotos/537_E.png,,,,,,,,,
UNASSIGNED,gs://overhead-signs/SignPhotos/513_S.png,,,,,,,,,
UNASSIGNED,gs://overhead-signs/SignPhotos/813_N.png,,,,,,,,,
UNASSIGNED,gs://overhead-signs/SignPhotos/481_N.png,,,,,,,,,
UNASSIGNED,gs://overhead-signs/SignPhotos/738_N.png,,,,,,,,,
UNASSIGNED,gs://overhead-signs/SignPhotos/793_S.png,,,,,,,,,
UNASSIGNED,gs://overhead-signs/SignPhotos/612_E.png,,,,,,,,,
UNASSIGNED,gs://overhead-signs/SignPhotos/209_N.png,,,,,,,,,
UNASSIGNED,gs://overhead-signs/SignPhotos/537_S.png,,,,,,,,,
UNASSIGNED,gs://overhead-signs/SignPhotos/824_E.png,,,,,,,,,
UNASSIGNED,gs://overhead-signs/SignPhotos/366_E.png,,,,,,,,,
UNASSIGNED,gs://overhead-signs/SignPhotos/170_N.png,,,,,,,,,
UNASSIGNED,gs://overhead-signs/SignPhotos/163_S.png,,,,,,,,,
UNASSIGNED,gs://overhead-signs/SignPhotos/519_N.png,,,,,,,,,
UNASSIGNED,gs://overhead-signs/SignPhotos/533_W.png,,,,,,,,,
UNASSIGNED,gs://overhead-signs/SignPhotos/576_W.png,,,,,,,,,
UNASSIGNED,gs://overhead-signs/SignPhotos/15_E.png,,,,,,,,,
UNASSIGNED,gs://overhead-signs/SignPhotos/753_S.png,,,,,,,,,
UNASSIGNED,gs://overhead-signs/SignPhotos/677_W.png,,,,,,,,,
UNASSIGNED,gs://overhead-signs/SignPhotos/677_S.png,,,,,,,,,
UNASSIGNED,gs://overhead-signs/SignPhotos/362_E.png,,,,,,,,,
UNASSIGNED,gs://overhead-signs/SignPhotos/820_E.png,,,,,,,,,
UNASSIGNED,gs://overhead-signs/SignPhotos/163_W.png,,,,,,,,,
UNASSIGNED,gs://overhead-signs/SignPhotos/207_E.png,,,,,,,,,
UNASSIGNED,gs://overhead-signs/SignPhotos/537_W.png,,,,,,,,,
UNASSIGNED,gs://overhead-signs/SignPhotos/892_N.png,,,,,,,,,
UNASSIGNED,gs://overhead-signs/SignPhotos/793_W.png,,,,,,,,,
UNASSIGNED,gs://overhead-signs/SignPhotos/461_N.png,,,,,,,,,
UNASSIGNED,gs://overhead-signs/SignPhotos/760_N.png,,,,,,,,,
UNASSIGNED,gs://overhead-signs/SignPhotos/612_W.png,,,,,,,,,
UNASSIGNED,gs://overhead-signs/SignPhotos/366_W.png,,,,,,,,,
UNASSIGNED,gs://overhead-signs/SignPhotos/207_S.png,,,,,,,,,
UNASSIGNED,gs://overhead-signs/SignPhotos/214_N.png,,,,,,,,,
UNASSIGNED,gs://overhead-signs/SignPhotos/541_N.png,,,,,,,,,
UNASSIGNED,gs://overhead-signs/SignPhotos/87_N.png,,,,,,,,,
UNASSIGNED,gs://overhead-signs/SignPhotos/128_N.png,,,,,,,,,
UNASSIGNED,gs://overhead-signs/SignPhotos/820_S.png,,,,,,,,,
UNASSIGNED,gs://overhead-signs/SignPhotos/576_E.png,,,,,,,,,
UNASSIGNED,gs://overhead-signs/SignPhotos/533_E.png,,,,,,,,,
UNASSIGNED,gs://overhead-signs/SignPhotos/15_W.png,,,,,,,,,
UNASSIGNED,gs://overhead-signs/SignPhotos/362_S.png,,,,,,,,,
UNASSIGNED,gs://overhead-signs/SignPhotos/677_E.png,,,,,,,,,
UNASSIGNED,gs://overhead-signs/SignPhotos/730_W.png,,,,,,,,,
UNASSIGNED,gs://overhead-signs/SignPhotos/344_E.png,,,,,,,,,
UNASSIGNED,gs://overhead-signs/SignPhotos/589_E.png,,,,,,,,,
UNASSIGNED,gs://overhead-signs/SignPhotos/360_S.png,,,,,,,,,
UNASSIGNED,gs://overhead-signs/SignPhotos/630_E.png,,,,,,,,,
UNASSIGNED,gs://overhead-signs/SignPhotos/874_N.png,,,,,,,,,
UNASSIGNED,gs://overhead-signs/SignPhotos/709_S.png,,,,,,,,,
UNASSIGNED,gs://overhead-signs/SignPhotos/574_E.png,,,,,,,,,
UNASSIGNED,gs://overhead-signs/SignPhotos/185_W.png,,,,,,,,,
UNASSIGNED,gs://overhead-signs/SignPhotos/682_N.png,,,,,,,,,
UNASSIGNED,gs://overhead-signs/SignPhotos/364_W.png,,,,,,,,,
UNASSIGNED,gs://overhead-signs/SignPhotos/205_S.png,,,,,,,,,
UNASSIGNED,gs://overhead-signs/SignPhotos/117_N.png,,,,,,,,,
UNASSIGNED,gs://overhead-signs/SignPhotos/13_S.png,,,,,,,,,
UNASSIGNED,gs://overhead-signs/SignPhotos/826_W.png,,,,,,,,,
UNASSIGNED,gs://overhead-signs/SignPhotos/104_S.png,,,,,,,,,
UNASSIGNED,gs://overhead-signs/SignPhotos/13_E.png,,,,,,,,,
UNASSIGNED,gs://overhead-signs/SignPhotos/710_S.png,,,,,,,,,
UNASSIGNED,gs://overhead-signs/SignPhotos/648_S.png,,,,,,,,,
UNASSIGNED,gs://overhead-signs/SignPhotos/709_E.png,,,,,,,,,
UNASSIGNED,gs://overhead-signs/SignPhotos/574_S.png,,,,,,,,,
UNASSIGNED,gs://overhead-signs/SignPhotos/589_S.png,,,,,,,,,
UNASSIGNED,gs://overhead-signs/SignPhotos/360_E.png,,,,,,,,,
UNASSIGNED,gs://overhead-signs/SignPhotos/124_W.png,,,,,,,,,
UNASSIGNED,gs://overhead-signs/SignPhotos/344_S.png,,,,,,,,,
UNASSIGNED,gs://overhead-signs/SignPhotos/4016_W.png,,,,,,,,,
UNASSIGNED,gs://overhead-signs/SignPhotos/357_N.png,,,,,,,,,
UNASSIGNED,gs://overhead-signs/SignPhotos/111_S.png,,,,,,,,,
UNASSIGNED,gs://overhead-signs/SignPhotos/15_N.png,,,,,,,,,
UNASSIGNED,gs://overhead-signs/SignPhotos/519_E.png,,,,,,,,,
UNASSIGNED,gs://overhead-signs/SignPhotos/128_W.png,,,,,,,,,
UNASSIGNED,gs://overhead-signs/SignPhotos/541_W.png,,,,,,,,,
UNASSIGNED,gs://overhead-signs/SignPhotos/170_E.png,,,,,,,,,
UNASSIGNED,gs://overhead-signs/SignPhotos/87_W.png,,,,,,,,,
UNASSIGNED,gs://overhead-signs/SignPhotos/366_N.png,,,,,,,,,
UNASSIGNED,gs://overhead-signs/SignPhotos/214_W.png,,,,,,,,,
UNASSIGNED,gs://overhead-signs/SignPhotos/824_N.png,,,,,,,,,
UNASSIGNED,gs://overhead-signs/SignPhotos/209_E.png,,,,,,,,,
UNASSIGNED,gs://overhead-signs/SignPhotos/760_W.png,,,,,,,,,
UNASSIGNED,gs://overhead-signs/SignPhotos/612_N.png,,,,,,,,,
UNASSIGNED,gs://overhead-signs/SignPhotos/813_E.png,,,,,,,,,
UNASSIGNED,gs://overhead-signs/SignPhotos/481_E.png,,,,,,,,,
UNASSIGNED,gs://overhead-signs/SignPhotos/461_W.png,,,,,,,,,
UNASSIGNED,gs://overhead-signs/SignPhotos/513_N.png,,,,,,,,,
UNASSIGNED,gs://overhead-signs/SignPhotos/738_E.png,,,,,,,,,
UNASSIGNED,gs://overhead-signs/SignPhotos/813_S.png,,,,,,,,,
UNASSIGNED,gs://overhead-signs/SignPhotos/481_S.png,,,,,,,,,
UNASSIGNED,gs://overhead-signs/SignPhotos/738_S.png,,,,,,,,,
UNASSIGNED,gs://overhead-signs/SignPhotos/793_N.png,,,,,,,,,
UNASSIGNED,gs://overhead-signs/SignPhotos/209_S.png,,,,,,,,,
UNASSIGNED,gs://overhead-signs/SignPhotos/163_N.png,,,,,,,,,
UNASSIGNED,gs://overhead-signs/SignPhotos/355_W.png,,,,,,,,,
UNASSIGNED,gs://overhead-signs/SignPhotos/519_S.png,,,,,,,,,
UNASSIGNED,gs://overhead-signs/SignPhotos/111_E.png,,,,,,,,,
UNASSIGNED,gs://overhead-signs/SignPhotos/753_N.png,,,,,,,,,
UNASSIGNED,gs://overhead-signs/SignPhotos/357_W.png,,,,,,,,,
UNASSIGNED,gs://overhead-signs/SignPhotos/124_N.png,,,,,,,,,
UNASSIGNED,gs://overhead-signs/SignPhotos/172_S.png,,,,,,,,,
UNASSIGNED,gs://overhead-signs/SignPhotos/791_N.png,,,,,,,,,
UNASSIGNED,gs://overhead-signs/SignPhotos/928_E.png,,,,,,,,,
UNASSIGNED,gs://overhead-signs/SignPhotos/483_S.png,,,,,,,,,
UNASSIGNED,gs://overhead-signs/SignPhotos/949_S.png,,,,,,,,,
UNASSIGNED,gs://overhead-signs/SignPhotos/563_S.png,,,,,,,,,
UNASSIGNED,gs://overhead-signs/SignPhotos/563_E.png,,,,,,,,,
UNASSIGNED,gs://overhead-signs/SignPhotos/117_W.png,,,,,,,,,
UNASSIGNED,gs://overhead-signs/SignPhotos/682_W.png,,,,,,,,,
UNASSIGNED,gs://overhead-signs/SignPhotos/364_N.png,,,,,,,,,
UNASSIGNED,gs://overhead-signs/SignPhotos/949_E.png,,,,,,,,,
UNASSIGNED,gs://overhead-signs/SignPhotos/185_N.png,,,,,,,,,
UNASSIGNED,gs://overhead-signs/SignPhotos/483_E.png,,,,,,,,,
UNASSIGNED,gs://overhead-signs/SignPhotos/353_E.png,,,,,,,,,
UNASSIGNED,gs://overhead-signs/SignPhotos/874_W.png,,,,,,,,,
UNASSIGNED,gs://overhead-signs/SignPhotos/357_E.png,,,,,,,,,
UNASSIGNED,gs://overhead-signs/SignPhotos/360_N.png,,,,,,,,,
UNASSIGNED,gs://overhead-signs/SignPhotos/874_S.png,,,,,,,,,
UNASSIGNED,gs://overhead-signs/SignPhotos/928_W.png,,,,,,,,,
UNASSIGNED,gs://overhead-signs/SignPhotos/682_S.png,,,,,,,,,
UNASSIGNED,gs://overhead-signs/SignPhotos/205_N.png,,,,,,,,,
UNASSIGNED,gs://overhead-signs/SignPhotos/117_S.png,,,,,,,,,
UNASSIGNED,gs://overhead-signs/SignPhotos/13_N.png,,,,,,,,,
UNASSIGNED,gs://overhead-signs/SignPhotos/104_N.png,,,,,,,,,
UNASSIGNED,gs://overhead-signs/SignPhotos/563_W.png,,,,,,,,,
UNASSIGNED,gs://overhead-signs/SignPhotos/117_E.png,,,,,,,,,
UNASSIGNED,gs://overhead-signs/SignPhotos/682_E.png,,,,,,,,,
UNASSIGNED,gs://overhead-signs/SignPhotos/710_N.png,,,,,,,,,
UNASSIGNED,gs://overhead-signs/SignPhotos/949_W.png,,,,,,,,,
UNASSIGNED,gs://overhead-signs/SignPhotos/483_W.png,,,,,,,,,
UNASSIGNED,gs://overhead-signs/SignPhotos/648_N.png,,,,,,,,,
UNASSIGNED,gs://overhead-signs/SignPhotos/353_W.png,,,,,,,,,
UNASSIGNED,gs://overhead-signs/SignPhotos/574_N.png,,,,,,,,,
UNASSIGNED,gs://overhead-signs/SignPhotos/589_N.png,,,,,,,,,
UNASSIGNED,gs://overhead-signs/SignPhotos/630_N.png,,,,,,,,,
UNASSIGNED,gs://overhead-signs/SignPhotos/172_W.png,,,,,,,,,
UNASSIGNED,gs://overhead-signs/SignPhotos/344_N.png,,,,,,,,,
UNASSIGNED,gs://overhead-signs/SignPhotos/357_S.png,,,,,,,,,
UNASSIGNED,gs://overhead-signs/SignPhotos/677_N.png,,,,,,,,,
UNASSIGNED,gs://overhead-signs/SignPhotos/576_N.png,,,,,,,,,
UNASSIGNED,gs://overhead-signs/SignPhotos/533_N.png,,,,,,,,,
UNASSIGNED,gs://overhead-signs/SignPhotos/355_S.png,,,,,,,,,
UNASSIGNED,gs://overhead-signs/SignPhotos/519_W.png,,,,,,,,,
UNASSIGNED,gs://overhead-signs/SignPhotos/128_E.png,,,,,,,,,
UNASSIGNED,gs://overhead-signs/SignPhotos/541_E.png,,,,,,,,,
UNASSIGNED,gs://overhead-signs/SignPhotos/170_W.png,,,,,,,,,
UNASSIGNED,gs://overhead-signs/SignPhotos/87_E.png,,,,,,,,,
UNASSIGNED,gs://overhead-signs/SignPhotos/214_E.png,,,,,,,,,
UNASSIGNED,gs://overhead-signs/SignPhotos/892_S.png,,,,,,,,,
UNASSIGNED,gs://overhead-signs/SignPhotos/760_E.png,,,,,,,,,
UNASSIGNED,gs://overhead-signs/SignPhotos/481_W.png,,,,,,,,,
UNASSIGNED,gs://overhead-signs/SignPhotos/813_W.png,,,,,,,,,
UNASSIGNED,gs://overhead-signs/SignPhotos/738_W.png,,,,,,,,,
UNASSIGNED,gs://overhead-signs/SignPhotos/461_S.png,,,,,,,,,
UNASSIGNED,gs://overhead-signs/SignPhotos/760_S.png,,,,,,,,,
UNASSIGNED,gs://overhead-signs/SignPhotos/892_E.png,,,,,,,,,
UNASSIGNED,gs://overhead-signs/SignPhotos/207_N.png,,,,,,,,,
UNASSIGNED,gs://overhead-signs/SignPhotos/541_S.png,,,,,,,,,
UNASSIGNED,gs://overhead-signs/SignPhotos/87_S.png,,,,,,,,,
UNASSIGNED,gs://overhead-signs/SignPhotos/355_E.png,,,,,,,,,
UNASSIGNED,gs://overhead-signs/SignPhotos/128_S.png,,,,,,,,,
UNASSIGNED,gs://overhead-signs/SignPhotos/820_N.png,,,,,,,,,
UNASSIGNED,gs://overhead-signs/SignPhotos/111_W.png,,,,,,,,,
UNASSIGNED,gs://overhead-signs/SignPhotos/362_N.png,,,,,,,,,
UNASSIGNED,gs://overhead-signs/SignPhotos/747_W.png,,,,,,,,,
UNASSIGNED,gs://overhead-signs/SignPhotos/834_E.png,,,,,,,,,
UNASSIGNED,gs://overhead-signs/SignPhotos/197_E.png,,,,,,,,,
UNASSIGNED,gs://overhead-signs/SignPhotos/482_S.png,,,,,,,,,
UNASSIGNED,gs://overhead-signs/SignPhotos/706_S.png,,,,,,,,,
UNASSIGNED,gs://overhead-signs/SignPhotos/213_E.png,,,,,,,,,
UNASSIGNED,gs://overhead-signs/SignPhotos/125_N.png,,,,,,,,,
UNASSIGNED,gs://overhead-signs/SignPhotos/851_W.png,,,,,,,,,
UNASSIGNED,gs://overhead-signs/SignPhotos/423_E.png,,,,,,,,,
UNASSIGNED,gs://overhead-signs/SignPhotos/423_S.png,,,,,,,,,
UNASSIGNED,gs://overhead-signs/SignPhotos/789_N.png,,,,,,,,,
UNASSIGNED,gs://overhead-signs/SignPhotos/706_E.png,,,,,,,,,
UNASSIGNED,gs://overhead-signs/SignPhotos/200_N.png,,,,,,,,,
UNASSIGNED,gs://overhead-signs/SignPhotos/482_E.png,,,,,,,,,
UNASSIGNED,gs://overhead-signs/SignPhotos/197_S.png,,,,,,,,,
UNASSIGNED,gs://overhead-signs/SignPhotos/116_W.png,,,,,,,,,
UNASSIGNED,gs://overhead-signs/SignPhotos/834_S.png,,,,,,,,,
UNASSIGNED,gs://overhead-signs/SignPhotos/827_N.png,,,,,,,,,
UNASSIGNED,gs://overhead-signs/SignPhotos/365_N.png,,,,,,,,,
UNASSIGNED,gs://overhead-signs/SignPhotos/4049_N.png,,,,,,,,,
UNASSIGNED,gs://overhead-signs/SignPhotos/480_E.png,,,,,,,,,
UNASSIGNED,gs://overhead-signs/SignPhotos/186_N.png,,,,,,,,,
UNASSIGNED,gs://overhead-signs/SignPhotos/538_W.png,,,,,,,,,
UNASSIGNED,gs://overhead-signs/SignPhotos/109_E.png,,,,,,,,,
UNASSIGNED,gs://overhead-signs/SignPhotos/624_E.png,,,,,,,,,
UNASSIGNED,gs://overhead-signs/SignPhotos/215_W.png,,,,,,,,,
UNASSIGNED,gs://overhead-signs/SignPhotos/825_N.png,,,,,,,,,
UNASSIGNED,gs://overhead-signs/SignPhotos/860_N.png,,,,,,,,,
UNASSIGNED,gs://overhead-signs/SignPhotos/873_S.png,,,,,,,,,
UNASSIGNED,gs://overhead-signs/SignPhotos/836_S.png,,,,,,,,,
UNASSIGNED,gs://overhead-signs/SignPhotos/776_N.png,,,,,,,,,
UNASSIGNED,gs://overhead-signs/SignPhotos/421_S.png,,,,,,,,,
UNASSIGNED,gs://overhead-signs/SignPhotos/540_W.png,,,,,,,,,
UNASSIGNED,gs://overhead-signs/SignPhotos/171_E.png,,,,,,,,,
UNASSIGNED,gs://overhead-signs/SignPhotos/4074_N.png,,,,,,,,,
UNASSIGNED,gs://overhead-signs/SignPhotos/1015_E.png,,,,,,,,,
UNASSIGNED,gs://overhead-signs/SignPhotos/110_S.png,,,,,,,,,
UNASSIGNED,gs://overhead-signs/SignPhotos/521_W.png,,,,,,,,,
UNASSIGNED,gs://overhead-signs/SignPhotos/1015_S.png,,,,,,,,,
UNASSIGNED,gs://overhead-signs/SignPhotos/599_W.png,,,,,,,,,
UNASSIGNED,gs://overhead-signs/SignPhotos/665_W.png,,,,,,,,,
UNASSIGNED,gs://overhead-signs/SignPhotos/171_S.png,,,,,,,,,
UNASSIGNED,gs://overhead-signs/SignPhotos/421_E.png,,,,,,,,,
UNASSIGNED,gs://overhead-signs/SignPhotos/964_N.png,,,,,,,,,
UNASSIGNED,gs://overhead-signs/SignPhotos/127_N.png,,,,,,,,,
UNASSIGNED,gs://overhead-signs/SignPhotos/354_W.png,,,,,,,,,
UNASSIGNED,gs://overhead-signs/SignPhotos/208_S.png,,,,,,,,,
UNASSIGNED,gs://overhead-signs/SignPhotos/573_N.png,,,,,,,,,
UNASSIGNED,gs://overhead-signs/SignPhotos/873_E.png,,,,,,,,,
UNASSIGNED,gs://overhead-signs/SignPhotos/836_E.png,,,,,,,,,
UNASSIGNED,gs://overhead-signs/SignPhotos/637_N.png,,,,,,,,,
UNASSIGNED,gs://overhead-signs/SignPhotos/624_S.png,,,,,,,,,
UNASSIGNED,gs://overhead-signs/SignPhotos/936_W.png,,,,,,,,,
UNASSIGNED,gs://overhead-signs/SignPhotos/480_S.png,,,,,,,,,
UNASSIGNED,gs://overhead-signs/SignPhotos/658_W.png,,,,,,,,,
UNASSIGNED,gs://overhead-signs/SignPhotos/480_W.png,,,,,,,,,
UNASSIGNED,gs://overhead-signs/SignPhotos/936_S.png,,,,,,,,,
UNASSIGNED,gs://overhead-signs/SignPhotos/460_E.png,,,,,,,,,
UNASSIGNED,gs://overhead-signs/SignPhotos/658_S.png,,,,,,,,,
UNASSIGNED,gs://overhead-signs/SignPhotos/538_E.png,,,,,,,,,
UNASSIGNED,gs://overhead-signs/SignPhotos/109_W.png,,,,,,,,,
UNASSIGNED,gs://overhead-signs/SignPhotos/624_W.png,,,,,,,,,
UNASSIGNED,gs://overhead-signs/SignPhotos/838_N.png,,,,,,,,,
UNASSIGNED,gs://overhead-signs/SignPhotos/215_E.png,,,,,,,,,
UNASSIGNED,gs://overhead-signs/SignPhotos/457_N.png,,,,,,,,,
UNASSIGNED,gs://overhead-signs/SignPhotos/208_W.png,,,,,,,,,
UNASSIGNED,gs://overhead-signs/SignPhotos/354_S.png,,,,,,,,,
UNASSIGNED,gs://overhead-signs/SignPhotos/540_E.png,,,,,,,,,
UNASSIGNED,gs://overhead-signs/SignPhotos/171_W.png,,,,,,,,,
UNASSIGNED,gs://overhead-signs/SignPhotos/599_S.png,,,,,,,,,
UNASSIGNED,gs://overhead-signs/SignPhotos/665_S.png,,,,,,,,,
UNASSIGNED,gs://overhead-signs/SignPhotos/577_N.png,,,,,,,,,
UNASSIGNED,gs://overhead-signs/SignPhotos/1015_W.png,,,,,,,,,
UNASSIGNED,gs://overhead-signs/SignPhotos/521_S.png,,,,,,,,,
UNASSIGNED,gs://overhead-signs/SignPhotos/521_E.png,,,,,,,,,
UNASSIGNED,gs://overhead-signs/SignPhotos/110_W.png,,,,,,,,,
UNASSIGNED,gs://overhead-signs/SignPhotos/363_N.png,,,,,,,,,
UNASSIGNED,gs://overhead-signs/SignPhotos/599_E.png,,,,,,,,,
UNASSIGNED,gs://overhead-signs/SignPhotos/540_S.png,,,,,,,,,
UNASSIGNED,gs://overhead-signs/SignPhotos/421_W.png,,,,,,,,,
UNASSIGNED,gs://overhead-signs/SignPhotos/354_E.png,,,,,,,,,
UNASSIGNED,gs://overhead-signs/SignPhotos/944_N.png,,,,,,,,,
UNASSIGNED,gs://overhead-signs/SignPhotos/836_W.png,,,,,,,,,
UNASSIGNED,gs://overhead-signs/SignPhotos/873_W.png,,,,,,,,,
UNASSIGNED,gs://overhead-signs/SignPhotos/538_S.png,,,,,,,,,
UNASSIGNED,gs://overhead-signs/SignPhotos/460_S.png,,,,,,,,,
UNASSIGNED,gs://overhead-signs/SignPhotos/936_E.png,,,,,,,,,
UNASSIGNED,gs://overhead-signs/SignPhotos/658_E.png,,,,,,,,,
UNASSIGNED,gs://overhead-signs/SignPhotos/747_E.png,,,,,,,,,
UNASSIGNED,gs://overhead-signs/SignPhotos/12_N.png,,,,,,,,,
UNASSIGNED,gs://overhead-signs/SignPhotos/834_W.png,,,,,,,,,
UNASSIGNED,gs://overhead-signs/SignPhotos/955_S.png,,,,,,,,,
UNASSIGNED,gs://overhead-signs/SignPhotos/116_S.png,,,,,,,,,
UNASSIGNED,gs://overhead-signs/SignPhotos/891_E.png,,,,,,,,,
UNASSIGNED,gs://overhead-signs/SignPhotos/903_N.png,,,,,,,,,
UNASSIGNED,gs://overhead-signs/SignPhotos/197_W.png,,,,,,,,,
UNASSIGNED,gs://overhead-signs/SignPhotos/851_E.png,,,,,,,,,
UNASSIGNED,gs://overhead-signs/SignPhotos/423_W.png,,,,,,,,,
UNASSIGNED,gs://overhead-signs/SignPhotos/851_S.png,,,,,,,,,
UNASSIGNED,gs://overhead-signs/SignPhotos/794_N.png,,,,,,,,,
UNASSIGNED,gs://overhead-signs/SignPhotos/530_N.png,,,,,,,,,
UNASSIGNED,gs://overhead-signs/SignPhotos/575_N.png,,,,,,,,,
UNASSIGNED,gs://overhead-signs/SignPhotos/706_W.png,,,,,,,,,
UNASSIGNED,gs://overhead-signs/SignPhotos/164_N.png,,,,,,,,,
UNASSIGNED,gs://overhead-signs/SignPhotos/482_W.png,,,,,,,,,
UNASSIGNED,gs://overhead-signs/SignPhotos/891_S.png,,,,,,,,,
UNASSIGNED,gs://overhead-signs/SignPhotos/378_N.png,,,,,,,,,
UNASSIGNED,gs://overhead-signs/SignPhotos/955_E.png,,,,,,,,,
UNASSIGNED,gs://overhead-signs/SignPhotos/116_E.png,,,,,,,,,
UNASSIGNED,gs://overhead-signs/SignPhotos/747_S.png,,,,,,,,,
UNASSIGNED,gs://overhead-signs/SignPhotos/711_N.png,,,,,,,,,
UNASSIGNED,gs://overhead-signs/SignsFY2019ImageryCropped/645_N.png,,,,,,,,,
UNASSIGNED,gs://overhead-signs/SignsFY2019ImageryCropped/613_S.png,,,,,,,,,
UNASSIGNED,gs://overhead-signs/SignsFY2019ImageryCropped/656_S.png,,,,,,,,,
UNASSIGNED,gs://overhead-signs/SignsFY2019ImageryCropped/772_W.png,,,,,,,,,
UNASSIGNED,gs://overhead-signs/SignsFY2019ImageryCropped/459_N.png,,,,,,,,,
UNASSIGNED,gs://overhead-signs/SignsFY2019ImageryCropped/672_E.png,,,,,,,,,
UNASSIGNED,gs://overhead-signs/SignsFY2019ImageryCropped/374_N.png,,,,,,,,,
UNASSIGNED,gs://overhead-signs/SignsFY2019ImageryCropped/55_W.png,,,,,,,,,
UNASSIGNED,gs://overhead-signs/SignsFY2019ImageryCropped/765_N.png,,,,,,,,,
UNASSIGNED,gs://overhead-signs/SignsFY2019ImageryCropped/464_N.png,,,,,,,,,
UNASSIGNED,gs://overhead-signs/SignsFY2019ImageryCropped/30_E.png,,,,,,,,,
UNASSIGNED,gs://overhead-signs/SignsFY2019ImageryCropped/162_E.png,,,,,,,,,
UNASSIGNED,gs://overhead-signs/SignsFY2019ImageryCropped/921_E.png,,,,,,,,,
UNASSIGNED,gs://overhead-signs/SignsFY2019ImageryCropped/42_N.png,,,,,,,,,
UNASSIGNED,gs://overhead-signs/SignsFY2019ImageryCropped/14_S.png,,,,,,,,,
UNASSIGNED,gs://overhead-signs/SignsFY2019ImageryCropped/584_N.png,,,,,,,,,
UNASSIGNED,gs://overhead-signs/SignsFY2019ImageryCropped/51_S.png,,,,,,,,,
UNASSIGNED,gs://overhead-signs/SignsFY2019ImageryCropped/532_W.png,,,,,,,,,
UNASSIGNED,gs://overhead-signs/SignsFY2019ImageryCropped/14_E.png,,,,,,,,,
UNASSIGNED,gs://overhead-signs/SignsFY2019ImageryCropped/51_E.png,,,,,,,,,
UNASSIGNED,gs://overhead-signs/SignsFY2019ImageryCropped/633_W.png,,,,,,,,,
UNASSIGNED,gs://overhead-signs/SignsFY2019ImageryCropped/30_S.png,,,,,,,,,
UNASSIGNED,gs://overhead-signs/SignsFY2019ImageryCropped/932_N.png,,,,,,,,,
UNASSIGNED,gs://overhead-signs/SignsFY2019ImageryCropped/66_N.png,,,,,,,,,
UNASSIGNED,gs://overhead-signs/SignsFY2019ImageryCropped/162_S.png,,,,,,,,,
UNASSIGNED,gs://overhead-signs/SignsFY2019ImageryCropped/921_S.png,,,,,,,,,
UNASSIGNED,gs://overhead-signs/SignsFY2019ImageryCropped/880_W.png,,,,,,,,,
UNASSIGNED,gs://overhead-signs/SignsFY2019ImageryCropped/71_W.png,,,,,,,,,
UNASSIGNED,gs://overhead-signs/SignsFY2019ImageryCropped/34_W.png,,,,,,,,,
UNASSIGNED,gs://overhead-signs/SignsFY2019ImageryCropped/493_S.png,,,,,,,,,
UNASSIGNED,gs://overhead-signs/SignsFY2019ImageryCropped/781_N.png,,,,,,,,,
UNASSIGNED,gs://overhead-signs/SignsFY2019ImageryCropped/613_E.png,,,,,,,,,
UNASSIGNED,gs://overhead-signs/SignsFY2019ImageryCropped/656_E.png,,,,,,,,,
UNASSIGNED,gs://overhead-signs/SignsFY2019ImageryCropped/663_N.png,,,,,,,,,
UNASSIGNED,gs://overhead-signs/SignsFY2019ImageryCropped/649_W.png,,,,,,,,,
UNASSIGNED,gs://overhead-signs/SignsFY2019ImageryCropped/674_W.png,,,,,,,,,
UNASSIGNED,gs://overhead-signs/SignsFY2019ImageryCropped/53_E.png,,,,,,,,,
UNASSIGNED,gs://overhead-signs/SignsFY2019ImageryCropped/160_S.png,,,,,,,,,
UNASSIGNED,gs://overhead-signs/SignsFY2019ImageryCropped/8_E.png,,,,,,,,,
UNASSIGNED,gs://overhead-signs/SignsFY2019ImageryCropped/160_E.png,,,,,,,,,
UNASSIGNED,gs://overhead-signs/SignsFY2019ImageryCropped/986_W.png,,,,,,,,,
UNASSIGNED,gs://overhead-signs/SignsFY2019ImageryCropped/466_N.png,,,,,,,,,
UNASSIGNED,gs://overhead-signs/SignsFY2019ImageryCropped/32_E.png,,,,,,,,,
UNASSIGNED,gs://overhead-signs/SignsFY2019ImageryCropped/8_S.png,,,,,,,,,
UNASSIGNED,gs://overhead-signs/SignsFY2019ImageryCropped/586_N.png,,,,,,,,,
UNASSIGNED,gs://overhead-signs/SignsFY2019ImageryCropped/40_N.png,,,,,,,,,
UNASSIGNED,gs://overhead-signs/SignsFY2019ImageryCropped/687_N.png,,,,,,,,,
UNASSIGNED,gs://overhead-signs/SignsFY2019ImageryCropped/434_W.png,,,,,,,,,
UNASSIGNED,gs://overhead-signs/SignsFY2019ImageryCropped/929_N.png,,,,,,,,,
UNASSIGNED,gs://overhead-signs/SignsFY2019ImageryCropped/871_N.png,,,,,,,,,
UNASSIGNED,gs://overhead-signs/SignsFY2019ImageryCropped/946_W.png,,,,,,,,,
UNASSIGNED,gs://overhead-signs/SignsFY2019ImageryCropped/204_W.png,,,,,,,,,
UNASSIGNED,gs://overhead-signs/SignsFY2019ImageryCropped/204_S.png,,,,,,,,,
UNASSIGNED,gs://overhead-signs/SignsFY2019ImageryCropped/57_S.png,,,,,,,,,
UNASSIGNED,gs://overhead-signs/SignsFY2019ImageryCropped/44_N.png,,,,,,,,,
UNASSIGNED,gs://overhead-signs/SignsFY2019ImageryCropped/946_S.png,,,,,,,,,
UNASSIGNED,gs://overhead-signs/SignsFY2019ImageryCropped/770_S.png,,,,,,,,,
UNASSIGNED,gs://overhead-signs/SignsFY2019ImageryCropped/434_S.png,,,,,,,,,
UNASSIGNED,gs://overhead-signs/SignsFY2019ImageryCropped/462_N.png,,,,,,,,,
UNASSIGNED,gs://overhead-signs/SignsFY2019ImageryCropped/36_E.png,,,,,,,,,
UNASSIGNED,gs://overhead-signs/SignsFY2019ImageryCropped/649_E.png,,,,,,,,,
UNASSIGNED,gs://overhead-signs/SignsFY2019ImageryCropped/674_E.png,,,,,,,,,
UNASSIGNED,gs://overhead-signs/SignsFY2019ImageryCropped/53_W.png,,,,,,,,,
UNASSIGNED,gs://overhead-signs/SignsFY2019ImageryCropped/606_N.png,,,,,,,,,
UNASSIGNED,gs://overhead-signs/SignsFY2019ImageryCropped/986_S.png,,,,,,,,,
UNASSIGNED,gs://overhead-signs/SignsFY2019ImageryCropped/542_N.png,,,,,,,,,
UNASSIGNED,gs://overhead-signs/SignsFY2019ImageryCropped/995_N.png,,,,,,,,,
UNASSIGNED,gs://overhead-signs/SignsFY2019ImageryCropped/160_W.png,,,,,,,,,
UNASSIGNED,gs://overhead-signs/SignsFY2019ImageryCropped/986_E.png,,,,,,,,,
UNASSIGNED,gs://overhead-signs/SignsFY2019ImageryCropped/814_N.png,,,,,,,,,
UNASSIGNED,gs://overhead-signs/SignsFY2019ImageryCropped/32_W.png,,,,,,,,,
UNASSIGNED,gs://overhead-signs/SignsFY2019ImageryCropped/674_S.png,,,,,,,,,
UNASSIGNED,gs://overhead-signs/SignsFY2019ImageryCropped/434_E.png,,,,,,,,,
UNASSIGNED,gs://overhead-signs/SignsFY2019ImageryCropped/649_S.png,,,,,,,,,
UNASSIGNED,gs://overhead-signs/SignsFY2019ImageryCropped/770_E.png,,,,,,,,,
UNASSIGNED,gs://overhead-signs/SignsFY2019ImageryCropped/446_N.png,,,,,,,,,
UNASSIGNED,gs://overhead-signs/SignsFY2019ImageryCropped/57_E.png,,,,,,,,,
UNASSIGNED,gs://overhead-signs/SignsFY2019ImageryCropped/946_E.png,,,,,,,,,
UNASSIGNED,gs://overhead-signs/SignsFY2019ImageryCropped/204_E.png,,,,,,,,,
UNASSIGNED,gs://overhead-signs/SignsFY2019ImageryCropped/772_E.png,,,,,,,,,
UNASSIGNED,gs://overhead-signs/SignsFY2019ImageryCropped/34_S.png,,,,,,,,,
UNASSIGNED,gs://overhead-signs/SignsFY2019ImageryCropped/71_S.png,,,,,,,,,
UNASSIGNED,gs://overhead-signs/SignsFY2019ImageryCropped/62_N.png,,,,,,,,,
UNASSIGNED,gs://overhead-signs/SignsFY2019ImageryCropped/493_W.png,,,,,,,,,
UNASSIGNED,gs://overhead-signs/SignsFY2019ImageryCropped/672_W.png,,,,,,,,,
UNASSIGNED,gs://overhead-signs/SignsFY2019ImageryCropped/700_N.png,,,,,,,,,
UNASSIGNED,gs://overhead-signs/SignsFY2019ImageryCropped/745_N.png,,,,,,,,,
UNASSIGNED,gs://overhead-signs/SignsFY2019ImageryCropped/880_S.png,,,,,,,,,
UNASSIGNED,gs://overhead-signs/SignsFY2019ImageryCropped/55_E.png,,,,,,,,,
UNASSIGNED,gs://overhead-signs/SignsFY2019ImageryCropped/30_W.png,,,,,,,,,
UNASSIGNED,gs://overhead-signs/SignsFY2019ImageryCropped/921_W.png,,,,,,,,,
UNASSIGNED,gs://overhead-signs/SignsFY2019ImageryCropped/778_N.png,,,,,,,,,
UNASSIGNED,gs://overhead-signs/SignsFY2019ImageryCropped/162_W.png,,,,,,,,,
UNASSIGNED,gs://overhead-signs/SignsFY2019ImageryCropped/633_S.png,,,,,,,,,
UNASSIGNED,gs://overhead-signs/SignsFY2019ImageryCropped/532_S.png,,,,,,,,,
UNASSIGNED,gs://overhead-signs/SignsFY2019ImageryCropped/532_E.png,,,,,,,,,
UNASSIGNED,gs://overhead-signs/SignsFY2019ImageryCropped/51_W.png,,,,,,,,,
UNASSIGNED,gs://overhead-signs/SignsFY2019ImageryCropped/14_W.png,,,,,,,,,
UNASSIGNED,gs://overhead-signs/SignsFY2019ImageryCropped/633_E.png,,,,,,,,,
UNASSIGNED,gs://overhead-signs/SignsFY2019ImageryCropped/370_N.png,,,,,,,,,
UNASSIGNED,gs://overhead-signs/SignsFY2019ImageryCropped/347_E.png,,,,,,,,,
UNASSIGNED,gs://overhead-signs/SignsFY2019ImageryCropped/880_E.png,,,,,,,,,
UNASSIGNED,gs://overhead-signs/SignsFY2019ImageryCropped/55_S.png,,,,,,,,,
UNASSIGNED,gs://overhead-signs/SignsFY2019ImageryCropped/71_E.png,,,,,,,,,
UNASSIGNED,gs://overhead-signs/SignsFY2019ImageryCropped/656_W.png,,,,,,,,,
UNASSIGNED,gs://overhead-signs/SignsFY2019ImageryCropped/613_W.png,,,,,,,,,
UNASSIGNED,gs://overhead-signs/SignsFY2019ImageryCropped/922_S.png,,,,,,,,,
UNASSIGNED,gs://overhead-signs/SignsFY2019ImageryCropped/161_S.png,,,,,,,,,
UNASSIGNED,gs://overhead-signs/SignsFY2019ImageryCropped/9_E.png,,,,,,,,,
UNASSIGNED,gs://overhead-signs/SignsFY2019ImageryCropped/158_W.png,,,,,,,,,
UNASSIGNED,gs://overhead-signs/SignsFY2019ImageryCropped/201_E.png,,,,,,,,,
UNASSIGNED,gs://overhead-signs/SignsFY2019ImageryCropped/714_S.png,,,,,,,,,
UNASSIGNED,gs://overhead-signs/SignsFY2019ImageryCropped/675_W.png,,,,,,,,,
UNASSIGNED,gs://overhead-signs/SignsFY2019ImageryCropped/688_W.png,,,,,,,,,
UNASSIGNED,gs://overhead-signs/SignsFY2019ImageryCropped/52_E.png,,,,,,,,,
UNASSIGNED,gs://overhead-signs/SignsFY2019ImageryCropped/782_N.png,,,,,,,,,
UNASSIGNED,gs://overhead-signs/SignsFY2019ImageryCropped/554_E.png,,,,,,,,,
UNASSIGNED,gs://overhead-signs/SignsFY2019ImageryCropped/483_N.png,,,,,,,,,
UNASSIGNED,gs://overhead-signs/SignsFY2019ImageryCropped/671_S.png,,,,,,,,,
UNASSIGNED,gs://overhead-signs/SignsFY2019ImageryCropped/570_S.png,,,,,,,,,
UNASSIGNED,gs://overhead-signs/SignsFY2019ImageryCropped/56_W.png,,,,,,,,,
UNASSIGNED,gs://overhead-signs/SignsFY2019ImageryCropped/570_E.png,,,,,,,,,
UNASSIGNED,gs://overhead-signs/SignsFY2019ImageryCropped/691_W.png,,,,,,,,,
UNASSIGNED,gs://overhead-signs/SignsFY2019ImageryCropped/671_E.png,,,,,,,,,
UNASSIGNED,gs://overhead-signs/SignsFY2019ImageryCropped/470_W.png,,,,,,,,,
UNASSIGNED,gs://overhead-signs/SignsFY2019ImageryCropped/554_S.png,,,,,,,,,
UNASSIGNED,gs://overhead-signs/SignsFY2019ImageryCropped/771_W.png,,,,,,,,,
UNASSIGNED,gs://overhead-signs/SignsFY2019ImageryCropped/39_N.png,,,,,,,,,
UNASSIGNED,gs://overhead-signs/SignsFY2019ImageryCropped/52_S.png,,,,,,,,,
UNASSIGNED,gs://overhead-signs/SignsFY2019ImageryCropped/822_W.png,,,,,,,,,
UNASSIGNED,gs://overhead-signs/SignsFY2019ImageryCropped/41_N.png,,,,,,,,,
UNASSIGNED,gs://overhead-signs/SignsFY2019ImageryCropped/714_E.png,,,,,,,,,
UNASSIGNED,gs://overhead-signs/SignsFY2019ImageryCropped/201_S.png,,,,,,,,,
UNASSIGNED,gs://overhead-signs/SignsFY2019ImageryCropped/922_E.png,,,,,,,,,
UNASSIGNED,gs://overhead-signs/SignsFY2019ImageryCropped/161_E.png,,,,,,,,,
UNASSIGNED,gs://overhead-signs/SignsFY2019ImageryCropped/9_S.png,,,,,,,,,
UNASSIGNED,gs://overhead-signs/SignsFY2019ImageryCropped/33_E.png,,,,,,,,,
UNASSIGNED,gs://overhead-signs/SignsFY2019ImageryCropped/723_N.png,,,,,,,,,
UNASSIGNED,gs://overhead-signs/SignsFY2019ImageryCropped/1007_E.png,,,,,,,,,
UNASSIGNED,gs://overhead-signs/SignsFY2019ImageryCropped/43_N.png,,,,,,,,,
UNASSIGNED,gs://overhead-signs/SignsFY2019ImageryCropped/865_W.png,,,,,,,,,
UNASSIGNED,gs://overhead-signs/SignsFY2019ImageryCropped/721_N.png,,,,,,,,,
UNASSIGNED,gs://overhead-signs/SignsFY2019ImageryCropped/998_E.png,,,,,,,,,
UNASSIGNED,gs://overhead-signs/SignsFY2019ImageryCropped/616_W.png,,,,,,,,,
UNASSIGNED,gs://overhead-signs/SignsFY2019ImageryCropped/31_E.png,,,,,,,,,
UNASSIGNED,gs://overhead-signs/SignsFY2019ImageryCropped/985_W.png,,,,,,,,,
UNASSIGNED,gs://overhead-signs/SignsFY2019ImageryCropped/458_N.png,,,,,,,,,
UNASSIGNED,gs://overhead-signs/SignsFY2019ImageryCropped/673_E.png,,,,,,,,,
UNASSIGNED,gs://overhead-signs/SignsFY2019ImageryCropped/11_W.png,,,,,,,,,
UNASSIGNED,gs://overhead-signs/SignsFY2019ImageryCropped/54_W.png,,,,,,,,,
UNASSIGNED,gs://overhead-signs/SignsFY2019ImageryCropped/601_N.png,,,,,,,,,
UNASSIGNED,gs://overhead-signs/SignsFY2019ImageryCropped/939_S.png,,,,,,,,,
UNASSIGNED,gs://overhead-signs/SignsFY2019ImageryCropped/657_S.png,,,,,,,,,
UNASSIGNED,gs://overhead-signs/SignsFY2019ImageryCropped/773_W.png,,,,,,,,,
UNASSIGNED,gs://overhead-signs/SignsFY2019ImageryCropped/961_W.png,,,,,,,,,
UNASSIGNED,gs://overhead-signs/SignsFY2019ImageryCropped/939_E.png,,,,,,,,,
UNASSIGNED,gs://overhead-signs/SignsFY2019ImageryCropped/881_W.png,,,,,,,,,
UNASSIGNED,gs://overhead-signs/SignsFY2019ImageryCropped/673_S.png,,,,,,,,,
UNASSIGNED,gs://overhead-signs/SignsFY2019ImageryCropped/31_S.png,,,,,,,,,
UNASSIGNED,gs://overhead-signs/SignsFY2019ImageryCropped/22_N.png,,,,,,,,,
UNASSIGNED,gs://overhead-signs/SignsFY2019ImageryCropped/998_S.png,,,,,,,,,
UNASSIGNED,gs://overhead-signs/SignsFY2019ImageryCropped/271_N.png,,,,,,,,,
UNASSIGNED,gs://overhead-signs/SignsFY2019ImageryCropped/865_E.png,,,,,,,,,
UNASSIGNED,gs://overhead-signs/SignsFY2019ImageryCropped/1007_W.png,,,,,,,,,
UNASSIGNED,gs://overhead-signs/SignsFY2019ImageryCropped/998_W.png,,,,,,,,,
UNASSIGNED,gs://overhead-signs/SignsFY2019ImageryCropped/616_E.png,,,,,,,,,
UNASSIGNED,gs://overhead-signs/SignsFY2019ImageryCropped/31_W.png,,,,,,,,,
UNASSIGNED,gs://overhead-signs/SignsFY2019ImageryCropped/985_E.png,,,,,,,,,
UNASSIGNED,gs://overhead-signs/SignsFY2019ImageryCropped/395_N.png,,,,,,,,,
UNASSIGNED,gs://overhead-signs/SignsFY2019ImageryCropped/701_N.png,,,,,,,,,
UNASSIGNED,gs://overhead-signs/SignsFY2019ImageryCropped/881_S.png,,,,,,,,,
UNASSIGNED,gs://overhead-signs/SignsFY2019ImageryCropped/445_N.png,,,,,,,,,
UNASSIGNED,gs://overhead-signs/SignsFY2019ImageryCropped/54_E.png,,,,,,,,,
UNASSIGNED,gs://overhead-signs/SignsFY2019ImageryCropped/11_E.png,,,,,,,,,
UNASSIGNED,gs://overhead-signs/SignsFY2019ImageryCropped/773_E.png,,,,,,,,,
UNASSIGNED,gs://overhead-signs/SignsFY2019ImageryCropped/961_S.png,,,,,,,,,
UNASSIGNED,gs://overhead-signs/SignsFY2019ImageryCropped/961_E.png,,,,,,,,,
UNASSIGNED,gs://overhead-signs/SignsFY2019ImageryCropped/939_W.png,,,,,,,,,
UNASSIGNED,gs://overhead-signs/SignsFY2019ImageryCropped/773_S.png,,,,,,,,,
UNASSIGNED,gs://overhead-signs/SignsFY2019ImageryCropped/657_W.png,,,,,,,,,
UNASSIGNED,gs://overhead-signs/SignsFY2019ImageryCropped/881_E.png,,,,,,,,,
UNASSIGNED,gs://overhead-signs/SignsFY2019ImageryCropped/54_S.png,,,,,,,,,
UNASSIGNED,gs://overhead-signs/SignsFY2019ImageryCropped/11_S.png,,,,,,,,,
UNASSIGNED,gs://overhead-signs/SignsFY2019ImageryCropped/985_S.png,,,,,,,,,
UNASSIGNED,gs://overhead-signs/SignsFY2019ImageryCropped/605_N.png,,,,,,,,,
UNASSIGNED,gs://overhead-signs/SignsFY2019ImageryCropped/616_S.png,,,,,,,,,
UNASSIGNED,gs://overhead-signs/SignsFY2019ImageryCropped/865_S.png,,,,,,,,,
UNASSIGNED,gs://overhead-signs/SignsFY2019ImageryCropped/969_N.png,,,,,,,,,
UNASSIGNED,gs://overhead-signs/SignsFY2019ImageryCropped/607_N.png,,,,,,,,,
UNASSIGNED,gs://overhead-signs/SignsFY2019ImageryCropped/494_E.png,,,,,,,,,
UNASSIGNED,gs://overhead-signs/SignsFY2019ImageryCropped/9_W.png,,,,,,,,,
UNASSIGNED,gs://overhead-signs/SignsFY2019ImageryCropped/158_E.png,,,,,,,,,
UNASSIGNED,gs://overhead-signs/SignsFY2019ImageryCropped/201_W.png,,,,,,,,,
UNASSIGNED,gs://overhead-signs/SignsFY2019ImageryCropped/675_E.png,,,,,,,,,
UNASSIGNED,gs://overhead-signs/SignsFY2019ImageryCropped/688_E.png,,,,,,,,,
UNASSIGNED,gs://overhead-signs/SignsFY2019ImageryCropped/52_W.png,,,,,,,,,
UNASSIGNED,gs://overhead-signs/SignsFY2019ImageryCropped/822_S.png,,,,,,,,,
UNASSIGNED,gs://overhead-signs/SignsFY2019ImageryCropped/554_W.png,,,,,,,,,
UNASSIGNED,gs://overhead-signs/SignsFY2019ImageryCropped/470_S.png,,,,,,,,,
UNASSIGNED,gs://overhead-signs/SignsFY2019ImageryCropped/463_N.png,,,,,,,,,
UNASSIGNED,gs://overhead-signs/SignsFY2019ImageryCropped/426_N.png,,,,,,,,,
UNASSIGNED,gs://overhead-signs/SignsFY2019ImageryCropped/56_S.png,,,,,,,,,
UNASSIGNED,gs://overhead-signs/SignsFY2019ImageryCropped/45_N.png,,,,,,,,,
UNASSIGNED,gs://overhead-signs/SignsFY2019ImageryCropped/402_N.png,,,,,,,,,
UNASSIGNED,gs://overhead-signs/SignsFY2019ImageryCropped/570_W.png,,,,,,,,,
UNASSIGNED,gs://overhead-signs/SignsFY2019ImageryCropped/691_E.png,,,,,,,,,
UNASSIGNED,gs://overhead-signs/SignsFY2019ImageryCropped/671_W.png,,,,,,,,,
UNASSIGNED,gs://overhead-signs/SignsFY2019ImageryCropped/470_E.png,,,,,,,,,
UNASSIGNED,gs://overhead-signs/SignsFY2019ImageryCropped/688_S.png,,,,,,,,,
UNASSIGNED,gs://overhead-signs/SignsFY2019ImageryCropped/822_E.png,,,,,,,,,
UNASSIGNED,gs://overhead-signs/SignsFY2019ImageryCropped/666_N.png,,,,,,,,,
UNASSIGNED,gs://overhead-signs/SignsFY2019ImageryCropped/158_S.png,,,,,,,,,
UNASSIGNED,gs://overhead-signs/SignsFY2019ImageryCropped/675_S.png,,,,,,,,,
UNASSIGNED,gs://overhead-signs/SignsFY2019ImageryCropped/714_W.png,,,,,,,,,
UNASSIGNED,gs://overhead-signs/SignsFY2019ImageryCropped/494_S.png,,,,,,,,,
UNASSIGNED,gs://overhead-signs/SignsFY2019ImageryCropped/922_W.png,,,,,,,,,
UNASSIGNED,gs://overhead-signs/SignsFY2019ImageryCropped/7_N.png,,,,,,,,,
UNASSIGNED,gs://overhead-signs/SignsFY2019ImageryCropped/43_S.png,,,,,,,,,
UNASSIGNED,gs://overhead-signs/SignsFY2019ImageryCropped/605_W.png,,,,,,,,,
UNASSIGNED,gs://overhead-signs/SignsFY2019ImageryCropped/271_E.png,,,,,,,,,
UNASSIGNED,gs://overhead-signs/SignsFY2019ImageryCropped/498_S.png,,,,,,,,,
UNASSIGNED,gs://overhead-signs/SignsFY2019ImageryCropped/22_E.png,,,,,,,,,
UNASSIGNED,gs://overhead-signs/SignsFY2019ImageryCropped/458_S.png,,,,,,,,,
UNASSIGNED,gs://overhead-signs/SignsFY2019ImageryCropped/657_N.png,,,,,,,,,
UNASSIGNED,gs://overhead-signs/SignsFY2019ImageryCropped/601_E.png,,,,,,,,,
UNASSIGNED,gs://overhead-signs/SignsFY2019ImageryCropped/445_W.png,,,,,,,,,
UNASSIGNED,gs://overhead-signs/SignsFY2019ImageryCropped/673_N.png,,,,,,,,,
UNASSIGNED,gs://overhead-signs/SignsFY2019ImageryCropped/458_E.png,,,,,,,,,
UNASSIGNED,gs://overhead-signs/SignsFY2019ImageryCropped/701_W.png,,,,,,,,,
UNASSIGNED,gs://overhead-signs/SignsFY2019ImageryCropped/395_W.png,,,,,,,,,
UNASSIGNED,gs://overhead-signs/SignsFY2019ImageryCropped/31_N.png,,,,,,,,,
UNASSIGNED,gs://overhead-signs/SignsFY2019ImageryCropped/22_S.png,,,,,,,,,
UNASSIGNED,gs://overhead-signs/SignsFY2019ImageryCropped/998_N.png,,,,,,,,,
UNASSIGNED,gs://overhead-signs/SignsFY2019ImageryCropped/271_S.png,,,,,,,,,
UNASSIGNED,gs://overhead-signs/SignsFY2019ImageryCropped/721_E.png,,,,,,,,,
UNASSIGNED,gs://overhead-signs/SignsFY2019ImageryCropped/498_E.png,,,,,,,,,
UNASSIGNED,gs://overhead-signs/SignsFY2019ImageryCropped/1007_N.png,,,,,,,,,
UNASSIGNED,gs://overhead-signs/SignsFY2019ImageryCropped/766_E.png,,,,,,,,,
UNASSIGNED,gs://overhead-signs/SignsFY2019ImageryCropped/7_W.png,,,,,,,,,
UNASSIGNED,gs://overhead-signs/SignsFY2019ImageryCropped/161_N.png,,,,,,,,,
UNASSIGNED,gs://overhead-signs/SignsFY2019ImageryCropped/922_N.png,,,,,,,,,
UNASSIGNED,gs://overhead-signs/SignsFY2019ImageryCropped/33_N.png,,,,,,,,,
UNASSIGNED,gs://overhead-signs/SignsFY2019ImageryCropped/815_W.png,,,,,,,,,
UNASSIGNED,gs://overhead-signs/SignsFY2019ImageryCropped/666_W.png,,,,,,,,,
UNASSIGNED,gs://overhead-signs/SignsFY2019ImageryCropped/782_S.png,,,,,,,,,
UNASSIGNED,gs://overhead-signs/SignsFY2019ImageryCropped/483_S.png,,,,,,,,,
UNASSIGNED,gs://overhead-signs/SignsFY2019ImageryCropped/835_E.png,,,,,,,,,
UNASSIGNED,gs://overhead-signs/SignsFY2019ImageryCropped/402_W.png,,,,,,,,,
UNASSIGNED,gs://overhead-signs/SignsFY2019ImageryCropped/570_N.png,,,,,,,,,
UNASSIGNED,gs://overhead-signs/SignsFY2019ImageryCropped/835_S.png,,,,,,,,,
UNASSIGNED,gs://overhead-signs/SignsFY2019ImageryCropped/45_W.png,,,,,,,,,
UNASSIGNED,gs://overhead-signs/SignsFY2019ImageryCropped/554_N.png,,,,,,,,,
UNASSIGNED,gs://overhead-signs/SignsFY2019ImageryCropped/483_E.png,,,,,,,,,
UNASSIGNED,gs://overhead-signs/SignsFY2019ImageryCropped/426_W.png,,,,,,,,,
UNASSIGNED,gs://overhead-signs/SignsFY2019ImageryCropped/463_W.png,,,,,,,,,
UNASSIGNED,gs://overhead-signs/SignsFY2019ImageryCropped/39_S.png,,,,,,,,,
UNASSIGNED,gs://overhead-signs/SignsFY2019ImageryCropped/52_N.png,,,,,,,,,
UNASSIGNED,gs://overhead-signs/SignsFY2019ImageryCropped/41_S.png,,,,,,,,,
UNASSIGNED,gs://overhead-signs/SignsFY2019ImageryCropped/201_N.png,,,,,,,,,
UNASSIGNED,gs://overhead-signs/SignsFY2019ImageryCropped/9_N.png,,,,,,,,,
UNASSIGNED,gs://overhead-signs/SignsFY2019ImageryCropped/969_W.png,,,,,,,,,
UNASSIGNED,gs://overhead-signs/SignsFY2019ImageryCropped/766_S.png,,,,,,,,,
UNASSIGNED,gs://overhead-signs/SignsFY2019ImageryCropped/723_S.png,,,,,,,,,
UNASSIGNED,gs://overhead-signs/SignsFY2019ImageryCropped/607_W.png,,,,,,,,,
UNASSIGNED,gs://overhead-signs/SignsFY2019ImageryCropped/969_S.png,,,,,,,,,
UNASSIGNED,gs://overhead-signs/SignsFY2019ImageryCropped/607_S.png,,,,,,,,,
UNASSIGNED,gs://overhead-signs/SignsFY2019ImageryCropped/7_E.png,,,,,,,,,
UNASSIGNED,gs://overhead-signs/SignsFY2019ImageryCropped/723_W.png,,,,,,,,,
UNASSIGNED,gs://overhead-signs/SignsFY2019ImageryCropped/766_W.png,,,,,,,,,
UNASSIGNED,gs://overhead-signs/SignsFY2019ImageryCropped/815_E.png,,,,,,,,,
UNASSIGNED,gs://overhead-signs/SignsFY2019ImageryCropped/666_E.png,,,,,,,,,
UNASSIGNED,gs://overhead-signs/SignsFY2019ImageryCropped/41_W.png,,,,,,,,,
UNASSIGNED,gs://overhead-signs/SignsFY2019ImageryCropped/822_N.png,,,,,,,,,
UNASSIGNED,gs://overhead-signs/SignsFY2019ImageryCropped/771_N.png,,,,,,,,,
UNASSIGNED,gs://overhead-signs/SignsFY2019ImageryCropped/470_N.png,,,,,,,,,
UNASSIGNED,gs://overhead-signs/SignsFY2019ImageryCropped/463_S.png,,,,,,,,,
UNASSIGNED,gs://overhead-signs/SignsFY2019ImageryCropped/691_N.png,,,,,,,,,
UNASSIGNED,gs://overhead-signs/SignsFY2019ImageryCropped/56_N.png,,,,,,,,,
UNASSIGNED,gs://overhead-signs/SignsFY2019ImageryCropped/835_W.png,,,,,,,,,
UNASSIGNED,gs://overhead-signs/SignsFY2019ImageryCropped/402_E.png,,,,,,,,,
UNASSIGNED,gs://overhead-signs/SignsFY2019ImageryCropped/45_S.png,,,,,,,,,
UNASSIGNED,gs://overhead-signs/SignsFY2019ImageryCropped/402_S.png,,,,,,,,,
UNASSIGNED,gs://overhead-signs/SignsFY2019ImageryCropped/45_E.png,,,,,,,,,
UNASSIGNED,gs://overhead-signs/SignsFY2019ImageryCropped/483_W.png,,,,,,,,,
UNASSIGNED,gs://overhead-signs/SignsFY2019ImageryCropped/463_E.png,,,,,,,,,
UNASSIGNED,gs://overhead-signs/SignsFY2019ImageryCropped/426_E.png,,,,,,,,,
UNASSIGNED,gs://overhead-signs/SignsFY2019ImageryCropped/782_W.png,,,,,,,,,
UNASSIGNED,gs://overhead-signs/SignsFY2019ImageryCropped/688_N.png,,,,,,,,,
UNASSIGNED,gs://overhead-signs/SignsFY2019ImageryCropped/666_S.png,,,,,,,,,
UNASSIGNED,gs://overhead-signs/SignsFY2019ImageryCropped/158_N.png,,,,,,,,,
UNASSIGNED,gs://overhead-signs/SignsFY2019ImageryCropped/675_N.png,,,,,,,,,
UNASSIGNED,gs://overhead-signs/SignsFY2019ImageryCropped/494_N.png,,,,,,,,,
UNASSIGNED,gs://overhead-signs/SignsFY2019ImageryCropped/815_S.png,,,,,,,,,
UNASSIGNED,gs://overhead-signs/SignsFY2019ImageryCropped/969_E.png,,,,,,,,,
UNASSIGNED,gs://overhead-signs/SignsFY2019ImageryCropped/7_S.png,,,,,,,,,
UNASSIGNED,gs://overhead-signs/SignsFY2019ImageryCropped/605_E.png,,,,,,,,,
UNASSIGNED,gs://overhead-signs/SignsFY2019ImageryCropped/271_W.png,,,,,,,,,
UNASSIGNED,gs://overhead-signs/SignsFY2019ImageryCropped/22_W.png,,,,,,,,,
UNASSIGNED,gs://overhead-signs/SignsFY2019ImageryCropped/395_S.png,,,,,,,,,
UNASSIGNED,gs://overhead-signs/SignsFY2019ImageryCropped/701_S.png,,,,,,,,,
UNASSIGNED,gs://overhead-signs/SignsFY2019ImageryCropped/445_S.png,,,,,,,,,
UNASSIGNED,gs://overhead-signs/SignsFY2019ImageryCropped/961_N.png,,,,,,,,,
UNASSIGNED,gs://overhead-signs/SignsFY2019ImageryCropped/601_W.png,,,,,,,,,
UNASSIGNED,gs://overhead-signs/SignsFY2019ImageryCropped/54_N.png,,,,,,,,,
UNASSIGNED,gs://overhead-signs/SignsFY2019ImageryCropped/11_N.png,,,,,,,,,
UNASSIGNED,gs://overhead-signs/SignsFY2019ImageryCropped/445_E.png,,,,,,,,,
UNASSIGNED,gs://overhead-signs/SignsFY2019ImageryCropped/458_W.png,,,,,,,,,
UNASSIGNED,gs://overhead-signs/SignsFY2019ImageryCropped/395_E.png,,,,,,,,,
UNASSIGNED,gs://overhead-signs/SignsFY2019ImageryCropped/701_E.png,,,,,,,,,
UNASSIGNED,gs://overhead-signs/SignsFY2019ImageryCropped/985_N.png,,,,,,,,,
UNASSIGNED,gs://overhead-signs/SignsFY2019ImageryCropped/605_S.png,,,,,,,,,
UNASSIGNED,gs://overhead-signs/SignsFY2019ImageryCropped/721_W.png,,,,,,,,,
UNASSIGNED,gs://overhead-signs/SignsFY2019ImageryCropped/616_N.png,,,,,,,,,
UNASSIGNED,gs://overhead-signs/SignsFY2019ImageryCropped/865_N.png,,,,,,,,,
UNASSIGNED,gs://overhead-signs/SignsFY2019ImageryCropped/43_W.png,,,,,,,,,
UNASSIGNED,gs://overhead-signs/SignsFY2019ImageryCropped/663_S.png,,,,,,,,,
UNASSIGNED,gs://overhead-signs/SignsFY2019ImageryCropped/871_E.png,,,,,,,,,
UNASSIGNED,gs://overhead-signs/SignsFY2019ImageryCropped/446_W.png,,,,,,,,,
UNASSIGNED,gs://overhead-signs/SignsFY2019ImageryCropped/929_E.png,,,,,,,,,
UNASSIGNED,gs://overhead-signs/SignsFY2019ImageryCropped/602_E.png,,,,,,,,,
UNASSIGNED,gs://overhead-signs/SignsFY2019ImageryCropped/687_E.png,,,,,,,,,
UNASSIGNED,gs://overhead-signs/SignsFY2019ImageryCropped/586_E.png,,,,,,,,,
UNASSIGNED,gs://overhead-signs/SignsFY2019ImageryCropped/40_E.png,,,,,,,,,
UNASSIGNED,gs://overhead-signs/SignsFY2019ImageryCropped/722_E.png,,,,,,,,,
UNASSIGNED,gs://overhead-signs/SignsFY2019ImageryCropped/160_N.png,,,,,,,,,
UNASSIGNED,gs://overhead-signs/SignsFY2019ImageryCropped/814_W.png,,,,,,,,,
UNASSIGNED,gs://overhead-signs/SignsFY2019ImageryCropped/466_E.png,,,,,,,,,
UNASSIGNED,gs://overhead-signs/SignsFY2019ImageryCropped/995_W.png,,,,,,,,,
UNASSIGNED,gs://overhead-signs/SignsFY2019ImageryCropped/542_W.png,,,,,,,,,
UNASSIGNED,gs://overhead-signs/SignsFY2019ImageryCropped/466_S.png,,,,,,,,,
UNASSIGNED,gs://overhead-signs/SignsFY2019ImageryCropped/8_N.png,,,,,,,,,
UNASSIGNED,gs://overhead-signs/SignsFY2019ImageryCropped/722_S.png,,,,,,,,,
UNASSIGNED,gs://overhead-signs/SignsFY2019ImageryCropped/606_W.png,,,,,,,,,
UNASSIGNED,gs://overhead-signs/SignsFY2019ImageryCropped/586_S.png,,,,,,,,,
UNASSIGNED,gs://overhead-signs/SignsFY2019ImageryCropped/40_S.png,,,,,,,,,
UNASSIGNED,gs://overhead-signs/SignsFY2019ImageryCropped/687_S.png,,,,,,,,,
UNASSIGNED,gs://overhead-signs/SignsFY2019ImageryCropped/462_W.png,,,,,,,,,
UNASSIGNED,gs://overhead-signs/SignsFY2019ImageryCropped/427_W.png,,,,,,,,,
UNASSIGNED,gs://overhead-signs/SignsFY2019ImageryCropped/929_S.png,,,,,,,,,
UNASSIGNED,gs://overhead-signs/SignsFY2019ImageryCropped/602_S.png,,,,,,,,,
UNASSIGNED,gs://overhead-signs/SignsFY2019ImageryCropped/871_S.png,,,,,,,,,
UNASSIGNED,gs://overhead-signs/SignsFY2019ImageryCropped/44_W.png,,,,,,,,,
UNASSIGNED,gs://overhead-signs/SignsFY2019ImageryCropped/663_E.png,,,,,,,,,
UNASSIGNED,gs://overhead-signs/SignsFY2019ImageryCropped/781_E.png,,,,,,,,,
UNASSIGNED,gs://overhead-signs/SignsFY2019ImageryCropped/645_S.png,,,,,,,,,
UNASSIGNED,gs://overhead-signs/SignsFY2019ImageryCropped/613_N.png,,,,,,,,,
UNASSIGNED,gs://overhead-signs/SignsFY2019ImageryCropped/656_N.png,,,,,,,,,
UNASSIGNED,gs://overhead-signs/SignsFY2019ImageryCropped/459_S.png,,,,,,,,,
UNASSIGNED,gs://overhead-signs/SignsFY2019ImageryCropped/374_S.png,,,,,,,,,
UNASSIGNED,gs://overhead-signs/SignsFY2019ImageryCropped/464_S.png,,,,,,,,,
UNASSIGNED,gs://overhead-signs/SignsFY2019ImageryCropped/932_E.png,,,,,,,,,
UNASSIGNED,gs://overhead-signs/SignsFY2019ImageryCropped/66_E.png,,,,,,,,,
UNASSIGNED,gs://overhead-signs/SignsFY2019ImageryCropped/370_W.png,,,,,,,,,
UNASSIGNED,gs://overhead-signs/SignsFY2019ImageryCropped/42_S.png,,,,,,,,,
UNASSIGNED,gs://overhead-signs/SignsFY2019ImageryCropped/14_N.png,,,,,,,,,
UNASSIGNED,gs://overhead-signs/SignsFY2019ImageryCropped/584_S.png,,,,,,,,,
UNASSIGNED,gs://overhead-signs/SignsFY2019ImageryCropped/51_N.png,,,,,,,,,
UNASSIGNED,gs://overhead-signs/SignsFY2019ImageryCropped/42_E.png,,,,,,,,,
UNASSIGNED,gs://overhead-signs/SignsFY2019ImageryCropped/584_E.png,,,,,,,,,
UNASSIGNED,gs://overhead-signs/SignsFY2019ImageryCropped/932_S.png,,,,,,,,,
UNASSIGNED,gs://overhead-signs/SignsFY2019ImageryCropped/30_N.png,,,,,,,,,
UNASSIGNED,gs://overhead-signs/SignsFY2019ImageryCropped/464_E.png,,,,,,,,,
UNASSIGNED,gs://overhead-signs/SignsFY2019ImageryCropped/66_S.png,,,,,,,,,
UNASSIGNED,gs://overhead-signs/SignsFY2019ImageryCropped/921_N.png,,,,,,,,,
UNASSIGNED,gs://overhead-signs/SignsFY2019ImageryCropped/778_W.png,,,,,,,,,
UNASSIGNED,gs://overhead-signs/SignsFY2019ImageryCropped/162_N.png,,,,,,,,,
UNASSIGNED,gs://overhead-signs/SignsFY2019ImageryCropped/765_E.png,,,,,,,,,
UNASSIGNED,gs://overhead-signs/SignsFY2019ImageryCropped/672_N.png,,,,,,,,,
UNASSIGNED,gs://overhead-signs/SignsFY2019ImageryCropped/459_E.png,,,,,,,,,
UNASSIGNED,gs://overhead-signs/SignsFY2019ImageryCropped/374_E.png,,,,,,,,,
UNASSIGNED,gs://overhead-signs/SignsFY2019ImageryCropped/745_W.png,,,,,,,,,
UNASSIGNED,gs://overhead-signs/SignsFY2019ImageryCropped/700_W.png,,,,,,,,,
UNASSIGNED,gs://overhead-signs/SignsFY2019ImageryCropped/493_N.png,,,,,,,,,
UNASSIGNED,gs://overhead-signs/SignsFY2019ImageryCropped/62_W.png,,,,,,,,,
UNASSIGNED,gs://overhead-signs/SignsFY2019ImageryCropped/645_E.png,,,,,,,,,
UNASSIGNED,gs://overhead-signs/SignsFY2019ImageryCropped/781_W.png,,,,,,,,,
UNASSIGNED,gs://overhead-signs/SignsFY2019ImageryCropped/724_E.png,,,,,,,,,
UNASSIGNED,gs://overhead-signs/SignsFY2019ImageryCropped/34_N.png,,,,,,,,,
UNASSIGNED,gs://overhead-signs/SignsFY2019ImageryCropped/71_N.png,,,,,,,,,
UNASSIGNED,gs://overhead-signs/SignsFY2019ImageryCropped/62_S.png,,,,,,,,,
UNASSIGNED,gs://overhead-signs/SignsFY2019ImageryCropped/700_S.png,,,,,,,,,
UNASSIGNED,gs://overhead-signs/SignsFY2019ImageryCropped/745_S.png,,,,,,,,,
UNASSIGNED,gs://overhead-signs/SignsFY2019ImageryCropped/880_N.png,,,,,,,,,
UNASSIGNED,gs://overhead-signs/SignsFY2019ImageryCropped/347_N.png,,,,,,,,,
UNASSIGNED,gs://overhead-signs/SignsFY2019ImageryCropped/932_W.png,,,,,,,,,
UNASSIGNED,gs://overhead-signs/SignsFY2019ImageryCropped/778_S.png,,,,,,,,,
UNASSIGNED,gs://overhead-signs/SignsFY2019ImageryCropped/66_W.png,,,,,,,,,
UNASSIGNED,gs://overhead-signs/SignsFY2019ImageryCropped/633_N.png,,,,,,,,,
UNASSIGNED,gs://overhead-signs/SignsFY2019ImageryCropped/370_E.png,,,,,,,,,
UNASSIGNED,gs://overhead-signs/SignsFY2019ImageryCropped/532_N.png,,,,,,,,,
UNASSIGNED,gs://overhead-signs/SignsFY2019ImageryCropped/42_W.png,,,,,,,,,
UNASSIGNED,gs://overhead-signs/SignsFY2019ImageryCropped/370_S.png,,,,,,,,,
UNASSIGNED,gs://overhead-signs/SignsFY2019ImageryCropped/464_W.png,,,,,,,,,
UNASSIGNED,gs://overhead-signs/SignsFY2019ImageryCropped/778_E.png,,,,,,,,,
UNASSIGNED,gs://overhead-signs/SignsFY2019ImageryCropped/765_W.png,,,,,,,,,
UNASSIGNED,gs://overhead-signs/SignsFY2019ImageryCropped/55_N.png,,,,,,,,,
UNASSIGNED,gs://overhead-signs/SignsFY2019ImageryCropped/459_W.png,,,,,,,,,
UNASSIGNED,gs://overhead-signs/SignsFY2019ImageryCropped/374_W.png,,,,,,,,,
UNASSIGNED,gs://overhead-signs/SignsFY2019ImageryCropped/700_E.png,,,,,,,,,
UNASSIGNED,gs://overhead-signs/SignsFY2019ImageryCropped/745_E.png,,,,,,,,,
UNASSIGNED,gs://overhead-signs/SignsFY2019ImageryCropped/62_E.png,,,,,,,,,
UNASSIGNED,gs://overhead-signs/SignsFY2019ImageryCropped/724_S.png,,,,,,,,,
UNASSIGNED,gs://overhead-signs/SignsFY2019ImageryCropped/645_W.png,,,,,,,,,
UNASSIGNED,gs://overhead-signs/SignsFY2019ImageryCropped/772_N.png,,,,,,,,,
UNASSIGNED,gs://overhead-signs/SignsFY2019ImageryCropped/204_N.png,,,,,,,,,
UNASSIGNED,gs://overhead-signs/SignsFY2019ImageryCropped/582_S.png,,,,,,,,,
UNASSIGNED,gs://overhead-signs/SignsFY2019ImageryCropped/57_N.png,,,,,,,,,
UNASSIGNED,gs://overhead-signs/SignsFY2019ImageryCropped/871_W.png,,,,,,,,,
UNASSIGNED,gs://overhead-signs/SignsFY2019ImageryCropped/446_E.png,,,,,,,,,
UNASSIGNED,gs://overhead-signs/SignsFY2019ImageryCropped/44_S.png,,,,,,,,,
UNASSIGNED,gs://overhead-signs/SignsFY2019ImageryCropped/929_W.png,,,,,,,,,
UNASSIGNED,gs://overhead-signs/SignsFY2019ImageryCropped/770_N.png,,,,,,,,,
UNASSIGNED,gs://overhead-signs/SignsFY2019ImageryCropped/602_W.png,,,,,,,,,
UNASSIGNED,gs://overhead-signs/SignsFY2019ImageryCropped/434_N.png,,,,,,,,,
UNASSIGNED,gs://overhead-signs/SignsFY2019ImageryCropped/427_S.png,,,,,,,,,
UNASSIGNED,gs://overhead-signs/SignsFY2019ImageryCropped/462_S.png,,,,,,,,,
UNASSIGNED,gs://overhead-signs/SignsFY2019ImageryCropped/586_W.png,,,,,,,,,
UNASSIGNED,gs://overhead-signs/SignsFY2019ImageryCropped/40_W.png,,,,,,,,,
UNASSIGNED,gs://overhead-signs/SignsFY2019ImageryCropped/606_S.png,,,,,,,,,
UNASSIGNED,gs://overhead-signs/SignsFY2019ImageryCropped/722_W.png,,,,,,,,,
UNASSIGNED,gs://overhead-signs/SignsFY2019ImageryCropped/986_N.png,,,,,,,,,
UNASSIGNED,gs://overhead-signs/SignsFY2019ImageryCropped/814_E.png,,,,,,,,,
UNASSIGNED,gs://overhead-signs/SignsFY2019ImageryCropped/466_W.png,,,,,,,,,
UNASSIGNED,gs://overhead-signs/SignsFY2019ImageryCropped/542_E.png,,,,,,,,,
UNASSIGNED,gs://overhead-signs/SignsFY2019ImageryCropped/995_E.png,,,,,,,,,
UNASSIGNED,gs://overhead-signs/SignsFY2019ImageryCropped/814_S.png,,,,,,,,,
UNASSIGNED,gs://overhead-signs/SignsFY2019ImageryCropped/606_E.png,,,,,,,,,
UNASSIGNED,gs://overhead-signs/SignsFY2019ImageryCropped/674_N.png,,,,,,,,,
UNASSIGNED,gs://overhead-signs/SignsFY2019ImageryCropped/36_N.png,,,,,,,,,
UNASSIGNED,gs://overhead-signs/SignsFY2019ImageryCropped/649_N.png,,,,,,,,,
UNASSIGNED,gs://overhead-signs/SignsFY2019ImageryCropped/427_E.png,,,,,,,,,
UNASSIGNED,gs://overhead-signs/SignsFY2019ImageryCropped/462_E.png,,,,,,,,,
UNASSIGNED,gs://overhead-signs/SignsFY2019ImageryCropped/446_S.png,,,,,,,,,
UNASSIGNED,gs://overhead-signs/SignsFY2019ImageryCropped/44_E.png,,,,,,,,,
UNASSIGNED,gs://overhead-signs/SignsFY2019ImageryCropped/663_W.png,,,,,,,,,
